,precision,recall,f1-score,support
0,0.7857142857142857,0.55,0.6470588235294118,20.0
1,0.4,0.6666666666666666,0.5,9.0
