,precision,recall,f1-score,support
0,0.76,0.95,0.8444444444444444,20.0
1,0.8,0.4,0.5333333333333333,10.0
