,precision,recall,f1-score,support
0,0.8235294117647058,0.875,0.8484848484848485,16.0
1,0.7142857142857143,0.625,0.6666666666666666,8.0
