,precision,recall,f1-score,support
0,0.9333333333333333,0.6086956521739131,0.7368421052631579,23.0
1,0.3076923076923077,0.8,0.4444444444444444,5.0
