,precision,recall,f1-score,support
0,0.6952380952380953,0.5238095238095238,0.5892857142857143,8.333333333333334
1,0.40277777777777773,0.5833333333333334,0.4666666666666666,4.666666666666667
accuracy,0.5384615384615384,0.5384615384615384,0.5384615384615384,0.5384615384615384
macro avg,0.5490079365079366,0.5535714285714285,0.5279761904761905,13.0
weighted avg,0.6015873015873016,0.5384615384615384,0.5478937728937728,13.0
