,precision,recall,f1-score,support
0,0.9,0.6923076923076923,0.782608695652174,13.0
1,0.5,0.8,0.6153846153846154,5.0
