,precision,recall,f1-score,support
0,0.8823529411764706,0.9375,0.9090909090909091,16.0
1,0.875,0.7777777777777778,0.8235294117647058,9.0
