,precision,recall,f1-score,support
0,0.4827173639942092,0.4522981295979928,0.4655143598539825,73.0
1,0.5408047619234017,0.7395891690009337,0.6035019534163854,51.0
